<site>
 <posts />
 <pages customHeadHtml="">
  <page author="" caption="Home" customHeadHtml="" dateModified="02/12/2014 10:56:45" description="Description" keywords="Keywords" metaTags="" name="home" path="/home" showInHmenu="True" showInVmenu="True" showTitle="False" title="Home" titleInBrowser="Home">
   <pageHead></pageHead>
   <content>&lt;div class="art-content-layout-wrapper" style="margin-bottom: 5px;"&gt;
&lt;div class="art-content-layout"&gt;
    &lt;div class="art-content-layout-row"&gt;
    &lt;div class="art-layout-cell" style="border-right-style:solid;border-right-width:1px;border-right-color:#B2C2D1; padding-right: 10px;padding-left: 10px; width:100%" &gt;
        &lt;h3 style="border-bottom: 1px solid #B2C2D1; padding-bottom: 5px"&gt;Updates&lt;/h3&gt;&lt;div class="image-caption-wrapper" style="width: 60%; float: left"&gt;
            &lt;img src="Fotolia_28025822_X-03.jpg" style="width: 100%; max-width:360px" alt="an image" class="art-lightbox" /&gt;
        &lt;/div&gt;&lt;p&gt;Augue nam eros pede vestibulum odio nec imperdiet elit elementum ligula quam et feugiat a mi faucibus risus. Curabitur id justo at tincidunt enim semper litora nam a arcu in a aenean primis. Nulla fusce maecenas neque. &lt;/p&gt;
    &lt;/div&gt;
    &lt;/div&gt;
&lt;/div&gt;
&lt;/div&gt;
</content>
   <layout>
    <struct>&lt;div class="art-content-layout-wrapper" style="margin-bottom: 5px;"&gt;
&lt;div class="art-content-layout"&gt;
    &lt;div class="art-content-layout-row"&gt;
    &lt;div class="art-layout-cell" style="border-right-style:solid;border-right-width:1px;border-right-color:#B2C2D1; padding-right: 10px;padding-left: 10px; width:100%" &gt;
        {content}
    &lt;/div&gt;
    &lt;/div&gt;
&lt;/div&gt;
&lt;/div&gt;
</struct>
    <contents>
     <content>&lt;h3 style="border-bottom: 1px solid #B2C2D1; padding-bottom: 5px"&gt;Updates&lt;/h3&gt;&lt;div class="image-caption-wrapper" style="width: 60%; float: left"&gt;
    &lt;img src="Fotolia_28025822_X-03.jpg" style="width: 100%; max-width:360px" alt="an image" class="art-lightbox" /&gt;
&lt;/div&gt;&lt;p&gt;Augue nam eros pede vestibulum odio nec imperdiet elit elementum ligula quam et feugiat a mi faucibus risus. Curabitur id justo at tincidunt enim semper litora nam a arcu in a aenean primis. Nulla fusce maecenas neque. &lt;/p&gt;</content>
    </contents>
   </layout>
  </page>
  <page author="" caption="Contacts" customHeadHtml="" dateModified="02/12/2014 08:00:46" description="Description" keywords="Keywords" metaTags="" name="contacts" path="/contacts" showInHmenu="True" showInVmenu="True" showTitle="True" title="Contacts" titleInBrowser="Contacts">
   <pageHead></pageHead>
   <content>&lt;div class="art-content-layout"&gt;
    &lt;div class="art-content-layout-row"&gt;
    &lt;div class="art-layout-cell" style="color: #2B2B2B; background: #FFFFFF; padding-top: 5px;padding-right: 15px;padding-bottom: 15px;padding-left: 15px; width:100%" &gt;
        &lt;p&gt;Lorem ipsum dolor sit amet, consectetur adipiscing elit. Etiam pharetra, tellus sit amet congue vulputate, nisi erat iaculis nibh, vitae feugiat sapien ante eget mauris.&lt;/p&gt;
        
        &lt;p&gt;Cras elit nisl, rhoncus nec iaculis ultricies, feugiat eget sapien. Pellentesque ac felis tellus. Aenean sollicitudin imperdiet arcu, vitae dignissim est posuere id. Duis placerat justo eu nunc interdum ultrices.&lt;/p&gt;
        
        &lt;p style="font-weight:bold;"&gt;Our Address&lt;/p&gt;
        
        &lt;p&gt;586 Main Ave, Building 42&lt;br /&gt;
        Main City, Country 12345-6789&lt;/p&gt;
        
        &lt;p&gt;T: (555) 123 - 4567&lt;br /&gt;
        F: (555) 523 - 4567&lt;/p&gt;
        
        &lt;p&gt;W: &lt;a href="#"&gt;http://www.domain.com&lt;br /&gt;&lt;/a&gt;E: &lt;a href="#"&gt;email@domain.com&lt;/a&gt;&lt;/p&gt;
        
        &lt;p style="font-weight:bold;"&gt;Be Successful With Us!&lt;/p&gt;
        
        &lt;p&gt;&lt;br /&gt;&lt;/p&gt;
        
        &lt;p&gt;&lt;br /&gt;&lt;/p&gt;
        
        &lt;p&gt;&lt;br /&gt;&lt;/p&gt;
        
        &lt;p&gt;&lt;br /&gt;&lt;/p&gt;
    &lt;/div&gt;
    &lt;/div&gt;
&lt;/div&gt;
</content>
   <layout>
    <struct>&lt;div class="art-content-layout"&gt;
    &lt;div class="art-content-layout-row"&gt;
    &lt;div class="art-layout-cell" style="color: #2B2B2B; background: #FFFFFF; padding-top: 5px;padding-right: 15px;padding-bottom: 15px;padding-left: 15px; width:100%" &gt;
        {content}
    &lt;/div&gt;
    &lt;/div&gt;
&lt;/div&gt;
</struct>
    <contents>
     <content>&lt;p&gt;Lorem ipsum dolor sit amet, consectetur adipiscing elit. Etiam pharetra, tellus sit amet congue vulputate, nisi erat iaculis nibh, vitae feugiat sapien ante eget mauris.&lt;/p&gt;

&lt;p&gt;Cras elit nisl, rhoncus nec iaculis ultricies, feugiat eget sapien. Pellentesque ac felis tellus. Aenean sollicitudin imperdiet arcu, vitae dignissim est posuere id. Duis placerat justo eu nunc interdum ultrices.&lt;/p&gt;

&lt;p style="font-weight:bold;"&gt;Our Address&lt;/p&gt;

&lt;p&gt;586 Main Ave, Building 42&lt;br /&gt;
Main City, Country 12345-6789&lt;/p&gt;

&lt;p&gt;T: (555) 123 - 4567&lt;br /&gt;
F: (555) 523 - 4567&lt;/p&gt;

&lt;p&gt;W: &lt;a href="#"&gt;http://www.domain.com&lt;br /&gt;&lt;/a&gt;E: &lt;a href="#"&gt;email@domain.com&lt;/a&gt;&lt;/p&gt;

&lt;p style="font-weight:bold;"&gt;Be Successful With Us!&lt;/p&gt;

&lt;p&gt;&lt;br /&gt;&lt;/p&gt;

&lt;p&gt;&lt;br /&gt;&lt;/p&gt;

&lt;p&gt;&lt;br /&gt;&lt;/p&gt;

&lt;p&gt;&lt;br /&gt;&lt;/p&gt;</content>
    </contents>
   </layout>
  </page>
 </pages>
 <sidebars>
  <sidebar caption="" name="sidebar1">
   <menuWidget name="art_vmenu-1" position="0" title="Vertical Menu">
    <content>&lt;div class="art-vmenublock clearfix"&gt;
        &lt;div class="art-vmenublockheader"&gt;
            &lt;h3 class="t"  &gt;Vertical Menu&lt;/h3&gt;
        &lt;/div&gt;
        &lt;div class="art-vmenublockcontent" &gt;
&lt;ul class="art-vmenu"&gt;
	&lt;li&gt;
		&lt;a href="/home" class="active"&gt;Home&lt;/a&gt;
	&lt;/li&gt;	
	&lt;li&gt;
		&lt;a href="/contacts" &gt;Contacts&lt;/a&gt;
	&lt;/li&gt;	
&lt;/ul&gt;
                
        &lt;/div&gt;
&lt;/div&gt;
</content>
    <pageHead></pageHead>
   </menuWidget>
   <block name="text-1" position="1" title="New Block">
    <content>
&lt;p&gt;Enter Block content here...&lt;/p&gt;
&lt;p&gt;Lorem ipsum dolor sit amet, consectetur adipiscing elit. Etiam pharetra, tellus sit amet congue vulputate, nisi erat iaculis nibh, vitae feugiat sapien ante eget mauris. &lt;/p&gt;

</content>
    <pageHead></pageHead>
   </block>
  </sidebar>
  <sidebar caption="" name="content-before" />
  <sidebar caption="" name="content-after" />
 </sidebars>
</site>